18,FG_890022_M_18.jpg,16,19,45,23,24,21,22,30,26,23
9,FG_890065_F_09.jpg,8,10,12,7,11,10,7,9,10,11
25,FG_890034_F_25.jpg,30,21,35,33,18,26,30,22,32,44
11,FG_890066_M_11.jpg,13,14,11,14,12,12,12,13,15,10
30,FG_890034_F_30.jpg,44,32,35,45,36,53,45,33,25,35
13,FG_890054_F_13.jpg,15,16,15,16,13,11,16,14,16,6
16,FG_890031_M_16.jpg,15,17,13,17,23,8,25,18,24,18
0,FG_890081_M_00.jpg,3,1,1,1,10,1,11,0,10,1
19,FG_890039_F_19.jpg,39,30,35,31,20,40,40,17,40,45
7,FG_890039_F_07.jpg,13,6,10,9,6,9,11,42,7,11
35,FG_890062_F_35.jpg,35,50,45,40,40,55,40,36,40,40
10,FG_890038_M_10.jpg,11,12,5,9,5,10,10,10,7,12
13,FG_890008_F_13.jpg,15,10,19,20,22,11,14,16,35,16
4,FG_890049_F_04.jpg,8,4,5,6,0,10,5,12,4,9
19,FG_890025_F_19.jpg,16,12,9,23,14,26,13,15,16,21
37,FG_890007_M_37.jpg,35,38,36,28,40,48,29,30,52,40
0,FG_890066_M_00.jpg,0,2,0,5,2,1,1,1,1,1
22,FG_890017_M_22.jpg,38,35,24,29,26,30,29,39,32,22
14,FG_890015_F_14.jpg,14,19,16,15,16,13,9,15,15,12
11,FG_890076_F_11.jpg,15,15,15,10,1,12,9,12,10,11
44,FG_890034_F_44.jpg,50,31,35,58,5,46,42,30,40,35
6,FG_890045_M_06.jpg,11,5,10,7,4,5.500000e+00,7,2,6,4
14,FG_890077_F_14.jpg,17,14,14,14,13,12,12,17,13,13
3,FG_890043_F_03.jpg,2,5,9,2,2,1,2,2,3,4
40,FG_890014_F_40.jpg,55,35,38,36,57,55,30,50,37,45
23,FG_890047_F_23.jpg,35,25,28,35,29,25,25,33,35,35
26,FG_890002_F_26.jpg,50,37,25,34,25,33,22,36,18,30
41,FG_890028_M_41.jpg,52,55,65,57,65,55,60,62,48,65
4,FG_890066_M_04.jpg,5,9,3,6,12,4,7,5,3,3
21,FG_890040_M_21.jpg,20,30,25,27,30,23,26,25,38,34
0,FG_890015_F_00.jpg,1,1,1,3,1,11,2,1,2,1
20,FG_890082_M_20.jpg,30,26,25,25,30,4,39,32,25,35
7,FG_890024_M_07.jpg,8,12,12,14,9,12,7,1,6,8
23,FG_890043_F_23.jpg,33,29,45,45,40,29,23,30,30,26
30,FG_890005_F_30.jpg,25,37,22,25,28,28,29,45,20,32
15,FG_890039_F_15.jpg,20,23,29,30,25,35,21,32,18,23
4,FG_890002_F_04.jpg,7,7,11,10,9,11,6,0,6,6
23,FG_890013_M_23.jpg,35,45,29,38,35,28,23,29,25,30
18,FG_890061_F_18.jpg,18,32,19,28,26,25,25,20,30,28
13,FG_890078_M_13.jpg,14,15,13,15,11,13,16,16,14,14
12,FG_890056_M_12.jpg,12,10,4,6,4,6,6,12,5,9
26,FG_890022_M_26.jpg,38,42,30,34,34,40,36,48,39,35
2,FG_890027_F_02.jpg,12,9,6,4,0,4,10,6,3,9
10,FG_890015_F_10.jpg,9,12,11,18,10,15,10,12,12,15
11,FG_890078_M_11.jpg,11,10,17,15,12,8,8,14,10,13
0,FG_890042_M_00.jpg,1,11,8,1,1,1,1,1,1,2
4,FG_890041_M_04.jpg,4,5,3,4,5,4,4,2,4,2
29,FG_890072_F_29.jpg,18,22,28,31,18,36,4,22,22,30
37,FG_890004_M_37.jpg,42,35,56,45,52,49,53,39,55,35
28,FG_890006_M_28.jpg,39,42,29,39,28,25,49,25,45,28
2,FG_890065_F_02_b.jpg,1,2,2,4,1,2,13,2,0,2
1,FG_890074_M_01.jpg,2,1,2,1,2,11,2,0,1,1
44,FG_890071_M_44.jpg,54,44,50,60,56,56,60,50,46,45
2,FG_890078_M_02.jpg,5,2,5,6,12,5,5,6,3,4
12,FG_890076_F_12.jpg,13,8,19,17,13,15,15,9,16,13
12,FG_890015_F_12.jpg,7,9,15,18,18,19,17,9,16,17
35,FG_890008_F_35.jpg,9,39,36,30,35,30,45,38,38,40
10,FG_890032_F_10.jpg,19,23,10,10,18,13,18,11,10,15
16,FG_890009_F_16_a.jpg,12,11,16,23,23,20,10,21,10,13
18,FG_890052_F_18.jpg,18,13,28,25,37,28,27,25,22,28
36,FG_890002_F_36.jpg,35,32,38,27,30,36,36,37,28,28
55,FG_890006_M_55.jpg,52,58,64,59,62,54,58,55,65,69
20,FG_890046_M_20.jpg,23,26,17,25,27,22,32,30,3,22
8,FG_890049_F_08.jpg,7,12,19,13,11,12,13,15,15,14
6,FG_890075_M_06.jpg,6,8,9,8,10,4,8,6,10,6
11,FG_890054_F_11.jpg,7,1,14,15,7,12,10,8,9,13
47,FG_890003_F_47.jpg,45,37,43,48,52,32,60,50,52,45
8,FG_890037_M_08.jpg,5,17,8,11,9,11,0,8,5,7
0,FG_890077_F_00.jpg,1,6,1,1,3,0,1,1,1,2
2,FG_890058_M_02.jpg,3,2,11,2,2,5,3,8,2,3
21,FG_890008_F_21.jpg,22,20,28,30,18,32,25,25,25,30
12,FG_890055_M_12.jpg,10,13,21,14,11,15,20,8,16,13
6,FG_890055_M_06.jpg,5,6,5,6,7,7,7,6,4,6
12,FG_890019_M_12.jpg,2,35,25,22,22,24,29,20,26,28
40,FG_890032_F_40.jpg,33,60,62,55,45,48,52,54,37,45
5,FG_890016_M_05.jpg,4,4,5,17,5,12,6,6,5,6
6,FG_890053_M_06.jpg,14,25,8,7,12,0,6,8,5,8
4,FG_890016_M_04.jpg,6,7,3,5,4,3,3,0,5,9
30,FG_890061_F_30.jpg,32,39,39,36,28,45,26,45,25,21
3,FG_890031_M_03.jpg,5,4,12,7,7,2.500000e+00,4,3,2,1
30,FG_890012_F_30.jpg,9,28,20,17,24,26,17,25,17,19
6,FG_890010_F_06.jpg,12,5,0,8,10,5,7,5,6,5
7,FG_890076_F_07.jpg,10,8,8,8,18,9,9,7,12,8
0,FG_890057_M_00.jpg,7,1,1,2,11,1,2,6,0,10
16,FG_890051_M_16.jpg,22,21,19,30,28,27,29,27,22,22
10,FG_890074_M_10.jpg,9,7,7,6,6,12,9,7,15,12
9,FG_890078_M_09.jpg,10,12,5,7,5,3,8,15,11,8
35,FG_890028_M_35.jpg,52,55,51,7,63,66,67,59,55,55
19,FG_890024_M_19.jpg,33,45,35,30,36,40,32,35,35,43
5,FG_890036_M_05.jpg,14,5,6,7,8,0,8,12,5.500000e+00,3
9,FG_890068_M_09.jpg,15,7,30,12,14,10,11,28,14,12
16,FG_890040_M_16.jpg,17,15,18,19,15,19,17,16,22,13
11,FG_890068_M_11.jpg,17,14,22,19,28,15,14,21,23,25
4,FG_890026_F_04.jpg,4,3,6,6,4,8,3,4,5,4
8,FG_890055_M_08.jpg,7,6,3,5,2,13,4,9,9,6
42,FG_890071_M_42.jpg,45,55,52,47,54,41,58,48,48,48
14,FG_890009_F_14.jpg,16,19,24,17,28,15,11,22,16,15
6,FG_890037_M_06.jpg,5,5,4,6,5,9,6,12,11,7
35,FG_890034_F_35.jpg,26,3,35,8,27,35,22,35,42,26
12,FG_890060_F_12.jpg,10,13,8,7,12,5,14,8,7,6
6,FG_890073_F_06.jpg,7,6,3,6,4,7,6,6,8,9
5,FG_890074_M_05.jpg,7,4,4,5,6,0,4,1,5,2
30,FG_890021_F_30.jpg,2,39,28,32,20,31,30,24,23,38
3,FG_890045_M_03.jpg,5,3,3,8,2,3,4,12,2,5
10,FG_890016_M_10.jpg,13,18,9,13,11,12,14,11,11,9
8,FG_890008_F_08.jpg,10,8,11,10,5,8,12,9,6,10
13,FG_890079_M_13.jpg,14,11,9,13,9,6,14,10,8,13
52,FG_890039_F_52.jpg,40,43,60,50,44,55,65,56,60,55
13,FG_890039_F_13.jpg,16,26,19,18,15,23,18,21,25,14
28,FG_890042_M_28.jpg,35,33,38,36,40,35,45,44,45,45
4,FG_890076_F_04.jpg,5,3,8,13,8,6,6,8,5,6
16,FG_890016_M_16.jpg,25,32,24,26,26,17,25,2,25,25
7,FG_890022_M_07.jpg,13,14,9,10,10,10,9,11,14,13
40,FG_890005_F_40.jpg,65,69,65,70,50,65,43,60,62,65
3,FG_890002_F_03.jpg,4,4,3,5,4,4,3,5,2,5
6,FG_890061_F_06.jpg,11,5,6,7,12,7,6,7,7,5
15,FG_890049_F_15.jpg,1,27,18,17,17,12,22,18,25,15
8,FG_890079_M_08.jpg,10,15,11,10,7,6,13,9,8,11
11,FG_890021_F_11.jpg,15,9,11,15,16,16,5,6,16,13
16,FG_890020_F_16.jpg,35,28,25,30,25,47,39,30,33,38
26,FG_890004_M_26.jpg,30,38,38,27,35,27,31,32,44,43
23,FG_890003_F_23.jpg,27,25,25,35,23,32,25,32,30,27
19,FG_890015_F_19.jpg,18,32,22,32,28,39,22,18,35,37
4,FG_890059_F_04.jpg,2,11,4,2,5,4,4,5,6,4
17,FG_890017_M_17.jpg,20,2,15,18,17,21,20,22,23,14
2,FG_890072_F_02.jpg,3,3,16,3,2,0,3,1,4,2
2,FG_890066_M_02_a.jpg,4,4,4,3,3,2,2,2,10,4
3,FG_890056_M_03.jpg,3,3,4,7,3,3,2,4,2,3
13,FG_890043_F_13.jpg,14,16,17,30,18,17,27,13,19,21
8,FG_890076_F_08.jpg,10,15,9,11,7,9,8,10,10,10
44,FG_890013_M_44.jpg,55,48,56,50,45,40,50,35,36,45
8,FG_890051_M_08.jpg,8,10,18,11,5,15,14,15,12,10
22,FG_890055_M_22.jpg,22,35,22,20,28,28,38,27,22,27
24,FG_890012_F_24.jpg,25,2,22,26,27,30,9,21,10,22
12,FG_890025_F_12.jpg,7,16,13,11,9,8,9,10,12,9
32,FG_890017_M_32.jpg,33,32,35,30,35,28,22,3,40,39
7,FG_890052_F_07.jpg,1,7,7,7,11,10,13,4,10,8
7,FG_890065_F_07_b.jpg,6,8,8,5,7,6,0,12,11,15
18,FG_890026_F_18.jpg,24,20,10,12,19,14,16,20,15,2.350000e+01
28,FG_890022_M_28.jpg,45,45,35,29,42,36,38,40,35,42
23,FG_890012_F_23.jpg,33,26,25,24,32,26,33,35,3,25
2,FG_890080_M_02.jpg,2,3,5,3,3,3,4,3,3,4
10,FG_890052_F_10.jpg,28,13,27,12,19,25,18,20,25,15
10,FG_890050_M_10.jpg,18,15,21,19,18,35,15,15,18,20
12,FG_890014_F_12.jpg,9,19,4,14,15,17,15,25,16,15
7,FG_890016_M_07.jpg,10,9,7,7,6,9,5,6,9,13
7,FG_890031_M_07.jpg,9,2,5,7,7,8,8,10,9,14
5,FG_890023_M_05.jpg,5,8,8,7,5,12,10,6,7,7
14,FG_890035_M_14.jpg,15,12,12,13,15,14,12,13,10,11
0,FG_890038_M_00.jpg,10,0,1,3,1,1,0,1,3,1
7,FG_890040_M_07.jpg,7,9,5,7,8,7,5,1.450000e+01,5,6
45,FG_890039_F_45.jpg,35,48,55,36,30,35,60,5,56,35
13,FG_890076_F_13.jpg,21,25,18,15,13,2,15,15,11,14
1,FG_890058_M_01.jpg,1,1,4,3,3,6,1,12,4,4
0,FG_890069_M_00.jpg,1,1,2,0,1,1,0,1,1,0
15,FG_890056_M_15.jpg,14,42,13,8,37,36,32,20,2,43
2,FG_890065_F_02_a.jpg,3,2,1,4,2,4,2,2,1,2
28,FG_890028_M_28.jpg,35,45,41,31,30,32,33,49,40,53
12,FG_890074_M_12.jpg,9,11,20,12,12,11,14,12,6,29
26,FG_890012_F_26.jpg,23,28,28,18,32,24,24,15,19,22
6,FG_890069_M_06.jpg,10,6,10,7,14,11,1,4,9,18
19,FG_890017_M_19.jpg,36,29,28,30,27,39,35,4,40,33
15,FG_890010_F_15.jpg,16,16,20,20,15,21,19,24,21,14
16,FG_890022_M_16.jpg,22,30,22,30,21,32,29,35,27,26
5,FG_890049_F_05.jpg,4,5,5,11,8,7,8,6,5,3
30,FG_890027_F_30.jpg,32,40,28,42,40,45,30,34,25,45
12,FG_890065_F_12.jpg,12,12,13,8,14,12,13,11,12,6
15,FG_890031_M_15.jpg,30,27,24,27,30,32,28,4,27,22
10,FG_890069_M_10.jpg,9,7,1,8,10,7,0,6,10,12
18,FG_890007_M_18.jpg,15,17,18,24,15,23,22,17,18,12
8,FG_890065_F_08.jpg,9,12,7,12,13,8,7,6,9,9
25,FG_890082_M_25.jpg,34,35,47,40,28,30,30,45,41,47
19,FG_890045_M_19.jpg,27,32,3,35,54,35,48,58,28,29
14,FG_890023_M_14.jpg,16,22,2,21,25,21,18,18,26,27
15,FG_890032_F_15.jpg,30,38,37,35,30,3,34,33,31,33
0,FG_890046_M_00.jpg,1,1,10,1,1,0,1,1,1,11
17,FG_890026_F_17.jpg,16,19,18,12,12,20,13,10,12,13
15,FG_890043_F_15.jpg,24,28,19,40,24,15,21,22,24,21
0,FG_890071_M_00.jpg,0,12,1,0,1,1,1,1,0,5
4,FG_890061_F_04.jpg,3,13,0,4,2,11,6,8,5,4
17,FG_890008_F_17.jpg,18,16,20,20,23,28,20,21,19,32
10,FG_890030_F_10.jpg,13,19,12,38,8,12,18,10,10,20
2,FG_890033_M_02.jpg,1,3,0,1.500000e+00,1,2,1,2,1,1
16,FG_890082_M_16.jpg,31,23,22,21,27,25,25,24,29,23
8,FG_890073_F_08.jpg,7,7,11,6,6,6,9,8,8,4
7,FG_890025_F_07.jpg,10,13,6,10,6,6,28,12,10,10
25,FG_890012_F_25.jpg,29,22,22,18,18,18,20,18,27,25
1,FG_890046_M_01.jpg,1,2,1,1,3,2,2,2,2,3
22,FG_890063_M_22.jpg,32,36,30,24,15,27,2,24,16,32
6,FG_890021_F_06.jpg,7,3,12,8,7,4,6,7,9,4
19,FG_890001_M_19.jpg,3,35,33,35,35,35,28,37,25,37
11,FG_890031_M_11.jpg,12,6,6,3,4,10,12,5,10,10
69,FG_890006_M_69.jpg,55,60,55,68,65,65,60,57,62,60
23,FG_890019_M_23.jpg,30,28,25,37,25,32,36,26,35,28
0,FG_890078_M_00.jpg,2,0,1,3,0,1,2,1,0,11
32,FG_890045_M_32.jpg,45,41,52,50,46,54,55,50,52,40
0,FG_890051_M_00.jpg,18,0,0,1,1,0,1,1,1,1
16,FG_890073_F_16.jpg,18,21,19,25,20,19,17,25,23,23
12,FG_890077_F_12.jpg,9,12,8,15,6,9,3,15,8,12
7,FG_890010_F_07_a.jpg,7,5,5,8,2,6,9,6,8,9
3,FG_890009_F_03.jpg,3,2,4,4,4,4,5.500000e+00,2,3,3
20,FG_890063_M_20.jpg,22,14,15,16,25,18,16,30,28,30
18,FG_890047_F_18.jpg,40,22,18,25,25,38,30,17,32,28
15,FG_890064_M_15.jpg,15,15,29,15,25,14,1,21,11,12
21,FG_890023_M_21.jpg,34,40,27,35,32,33,40,30,45,26
4,FG_890029_M_04.jpg,9,8,2,4,1,3,10,6,4,8
16,FG_890059_F_16.jpg,11,13,20,10,18,12,13,16,15,15
13,FG_890044_M_13.jpg,29,20,2,15,18,12,28,16,16,25
15,FG_890051_M_15.jpg,17,26,27,28,22,22,23,17,22,24
23,FG_890030_F_23.jpg,25,26,28,33,20,35,26,40,28,23
4,FG_890065_F_04.jpg,9,11,6,7,12,5,5,5,5,3
31,FG_890006_M_31.jpg,58,40,55,46,48,5,48,56,40,54
20,FG_890030_F_20.jpg,25,24,17,25,25,15,16,23,26,20
2,FG_890075_M_02.jpg,3,2,3,2,2,3,4,8,2,4
19,FG_890054_F_19.jpg,45,4,50,35,30,35,35,38,35,35
5,FG_890011_M_05.jpg,4,3,6,5,4,7,12,4,0,4
35,FG_890003_F_35.jpg,45,30,39,35,34,55,30,43,31,26
4,FG_890037_M_04.jpg,6,5,5,5,5,3,8,6,7,4
20,FG_890003_F_20.jpg,18,16,36,29,4,20,24,40,23,30
53,FG_890004_M_53.jpg,55,60,65,55,62,55,65,71,59,55
13,FG_890038_M_13.jpg,9,11,10,10,16,65,12,9,10,23
11,FG_890037_M_11.jpg,7,11,9,5,9,13,8,13,7,4
11,FG_890020_F_11.jpg,13,14,16,13,14,15,17,19,16,13
12,FG_890016_M_12.jpg,13,9,21,12,14,15,15,15,15,13
13,FG_890053_M_13.jpg,18,15,13,12,12,14,9,22,8,16
6,FG_890059_F_06.jpg,5,5,0,2,5,4,8,4,3,11
2,FG_890079_M_02.jpg,5,4,3,5,3,6,4,5,10,4
10,FG_890040_M_10.jpg,9,6,8,8,10,12,7,8,6,8
10,FG_890080_M_10.jpg,6,8,5,12,15,10,7,12,8,6
5,FG_890081_M_05.jpg,2,13,8,6,3,4,4,4,4,3
7,FG_890066_M_07.jpg,56,6,4,6,9,5,0,11,9,6
26,FG_890067_F_26.jpg,25,36,23,37,35,25,24,19,30,18
14,FG_890016_M_14.jpg,17,16,18,25,17,17,19,22,13,25
13,FG_890072_F_13.jpg,18,25,15,18,17,22,7,13,1,15
2,FG_890039_F_02.jpg,4,3,4,2,3,6,4,10,4,3
5,FG_890015_F_05.jpg,13,6,11,7,7,11,10,7,18,7
17,FG_890039_F_17.jpg,24,25,23,20,24,22,22,23,27,3
16,FG_890028_M_16.jpg,34,28,41,20,18,27,35,35,18,18
6,FG_890070_M_06.jpg,7,13,8,12,11,6,8,8,9,8
21,FG_890072_F_21.jpg,20,33,28,26,19,32,30,36,44,3
5,FG_890019_M_05.jpg,14,11,15,11,5,12,10,10,17,12
10,FG_890068_M_10_a.jpg,12,16,12,16,12,12,1,8,11,14
25,FG_890072_F_25.jpg,22,19,22,22,26,22,23,19,3,19
24,FG_890032_F_24.jpg,50,38,45,32,40,56,40,50,40,50
6,FG_890050_M_06.jpg,8,12,4,10,6,6,12,8,11,6
0,FG_890030_F_00.jpg,1,2,1,15,1,3,1,1,1,1
34,FG_890018_F_34.jpg,40,29,17,30,20,22,42,25,30,30
29,FG_890029_M_29.jpg,44,5,45,50,38,48,22,40,45,48
14,FG_890042_M_14.jpg,30,11,23,21,10,15,13,35,14,18
20,FG_890002_F_20.jpg,1,27,32,18,25,20,22,20,21,24
3,FG_890079_M_03.jpg,7,4,13,4,2,5,3,5,3,8
2,FG_890073_F_02.jpg,0,30,6,12,6,4,3,4,7,4
3,FG_890070_M_03.jpg,2,5,6,5,2,5,4,5.500000e+00,3,2
18,FG_890012_F_18.jpg,25,18,21,18,24,24,21,28,16,27
39,FG_890034_F_39.jpg,50,38,35,45,5,52,31,40,65,56
12,FG_890079_M_12.jpg,13,13,12,2,12,8,12,30,9,11
16,FG_890052_F_16.jpg,25,29,30,39,27,32,26,25,25,22
18,FG_890018_F_18.jpg,26,28,23,28,17,28,36,31,24,28
3,FG_890019_M_03.jpg,3,2,4,5,3,4,3,4,2,2
5,FG_890047_F_05.jpg,6,12,5,7,8,0,10,3,6,8
4,FG_890046_M_04.jpg,4,5,5,6,4,6,3,3,2,4
3,FG_890077_F_03.jpg,1,4,2,3,6,3,2,3,3,1
0,FG_890082_M_00.jpg,2,1,3,0,1,11,3,1,0,1
2,FG_890011_M_02.jpg,1,1,2,1,11,1,3,3,3,5
49,FG_890003_F_49.jpg,17,38,45,45,55,50,40,47,44,44
14,FG_890080_M_14.jpg,15,9,15,16,16,17,17,9,10,21
26,FG_890020_F_26.jpg,31,35,36,33,42,47,38,32,19,36
12,FG_890045_M_12.jpg,18,14,25,17,1,16,17,21,9,23
8,FG_890053_M_08.jpg,10,6,5,9,7,11,8,15,1,10
18,FG_890044_M_18.jpg,16,18,16,20,24,24,23,22,18,25
42,FG_890011_M_42.jpg,26,39,48,40,45,9,32,46,3.250000e+01,37
6,FG_890036_M_06.jpg,10,8,7,3,6,8,5,7,13,12
17,FG_890049_F_17.jpg,32,25,21,20,20,20,23,21,21,25
51,FG_890003_F_51.jpg,43,56,6,45,55,57,34,45,45,52
19,FG_890013_M_19.jpg,22,30,30,28,34,24,35,9,22,35
14,FG_890022_M_14.jpg,17,21,20,16,23,17,16,1,22,18
11,FG_890077_F_11.jpg,10,13,12,15,8,12,12,13,7,12
1,FG_890042_M_01.jpg,3,3,5,1,3,3,3,4,1,2
39,FG_890067_F_39.jpg,38,45,47,46,60,40,38,37,29,35
20,FG_890022_M_20.jpg,19,20,28,29,22,24,28,35,25,26
17,FG_890011_M_17.jpg,19,17,20,16,21,19,21,19,17,32
18,FG_890045_M_18.jpg,30,25,16,21,30,25,2,16,22,18
2,FG_890077_F_02.jpg,3,3,12,4,1,2,4,4,5,5
5,FG_890055_M_05.jpg,4,4,6,5,4,4,5,4,3,16
42,FG_890017_M_42.jpg,35,55,45,43,45,49,5,43,45,39
4,FG_890081_M_04.jpg,4,2,4,5,3,2,4,5,15,3
13,FG_890080_M_13.jpg,10,1,5,11,8,15,12,12,8,10
10,FG_890024_M_10.jpg,9,6,0,9,5,6,9,7,7,9
16,FG_890008_F_16.jpg,36,21,21,20,24,32,22,25,43,17
39,FG_890021_F_39.jpg,41,50,45,5,44,46,33,38,45,50
12,FG_890010_F_12.jpg,15,14,14,15,25,15,31,15,19,20
16,FG_890021_F_16.jpg,21,26,23,25,26,35,27,33,30,30
7,FG_890035_M_07.jpg,8,3,11,0,3,6,4,4,7,8
44,FG_890033_M_44.jpg,55,45,52,70,62,55,45,47,56,62
12,FG_890042_M_12.jpg,15,12,1,14,15,17,14,13,18,8
15,FG_890019_M_15.jpg,24,31,18,25,29,24,28,17,19,25
11,FG_890060_F_11.jpg,13,8,7,9,19,7,13,8,13,1
3,FG_890081_M_03.jpg,12,4,2,3,2,0,2,2,1,3
0,FG_890022_M_00.jpg,1,1,1,1,1,1,1,2,8,2
4,FG_890058_M_04.jpg,5,8,4,6,6,8,9,3,6,6
6,FG_890080_M_06.jpg,10,7,7,10,11,7,8,8,6,10
54,FG_890062_F_54.jpg,50,50,48,55,55,63,53,51,60,42
41,FG_890013_M_41.jpg,35,35,42,47,43,35,57,36,44,50
18,FG_890028_M_18.jpg,27,30,30,22,26,28,30,32,20,20
25,FG_890003_F_25.jpg,30,21,22,14,44,22,16,18,21,25
23,FG_890021_F_23.jpg,46,38,45,45,37,45,40,58,29,30
41,FG_890027_F_41.jpg,42,35,35,38,32,41,48,30,40,4
12,FG_890073_F_12.jpg,10,22,26,7,12,15,8,15,20,10
9,FG_890074_M_09.jpg,6,6,5,8,6,8,3,8,5,6
0,FG_890076_F_00.jpg,1,1,1,1,1,1,7,1,0,1
7,FG_890070_M_07.jpg,10,9,8,14,8,0,10,12,7,5
7,FG_890011_M_07.jpg,12,8,0,11,8,6,6,9,6,5
13,FG_890041_M_13.jpg,3,6,8,8,5,10,8,1,10,6
48,FG_890004_M_48.jpg,68,71,49,59,62,54,57,58,53,62
36,FG_890027_F_36.jpg,39,33,38,45,43,35,40,55,55,35
25,FG_890013_M_25.jpg,25,45,30,32,28,28,25,21,22,20
12,FG_890017_M_12.jpg,21,13,11,18,15,13,12,12,14,15
18,FG_890003_F_18.jpg,30,19,35,27,18,58,25,30,39,45
21,FG_890082_M_21.jpg,22,38,34,28,26,30,27,25,26,28
7,FG_890026_F_07.jpg,5,11,5,8,19,5,10,3,5,9
14,FG_890014_F_14.jpg,19,18,18,9,13,11,20,29,18,9
33,FG_890047_F_33.jpg,53,40,47,53,50,42,48,45,45,52
51,FG_890006_M_51.jpg,58,44,59,58,50,45,48,55,59,59
12,FG_890054_F_12.jpg,20,22,23,8,25,11,18,15,14,13
18,FG_890062_F_18.jpg,23,18,17,20,25,16,17,16,12,17
8,FG_890035_M_08.jpg,9,8,8,7,8,8,6,12,10,6
0,FG_890053_M_00.jpg,1,2,4,1,4,2,1,0,1,1
17,FG_890045_M_17.jpg,24,20,30,18,22,17,23,32,25,21
3,FG_890015_F_03.jpg,5,11,6,5,10,5,4,5,5,10
12,FG_890035_M_12.jpg,7,10,9,7,7,10,6,6,8,7
1,FG_890035_M_01.jpg,3,2,2,2,1,1,2,1,3,1
3,FG_890044_M_03.jpg,6,1,9,6,11,5,4,2,5,4
7,FG_890044_M_07.jpg,15,4,15,12,0,8,10,8,6,11
22,FG_890009_F_22_b.jpg,18,25,24,9,18,17,17,2,16,16
18,FG_890024_M_18.jpg,35,34,21,30,26,30,31,34,26,20
10,FG_890056_M_10.jpg,4,15,5,8,9,6,6,0,7,10
3,FG_890069_M_03.jpg,3,9,8,2,7,4,9,2,5,3
0,FG_890040_M_00.jpg,1,1,12,3,0,1,1,1,10,0
2,FG_890056_M_02.jpg,12,2,4,1,4,4,2,2,2.500000e+00,10
11,FG_890073_F_11.jpg,12,13,14,8,8,17,10,11,11,1
6,FG_890079_M_06.jpg,6,5,7,6,8,12,9,10,4,5
3,FG_890068_M_03.jpg,10,3,3,1,3,6,4,2,3,11
22,FG_890029_M_22.jpg,24,40,34,29,38,26,42,52,32,35
34,FG_890013_M_34.jpg,40,25,49,34,42,50,40,45,35,24
18,FG_890054_F_18.jpg,32,28,35,35,23,33,38,22,22,23
25,FG_890024_M_25.jpg,40,45,51,50,53,50,36,32,45,42
7,FG_890077_F_07.jpg,3,7,9,9,8,19,6,8,10,11
23,FG_890007_M_23.jpg,26,35,22,25,25,22,23,20,13,22
13,FG_890074_M_13.jpg,9,12,12,11,8,27,15,35,15,6
8,FG_890078_M_08.jpg,7,15,12,16,10,10,10,2,7,7
13,FG_890026_F_13.jpg,10,5,15,9,15,11,5,15,8,8
18,FG_890030_F_18.jpg,14,25,39,21,17,26,21,30,26,14
38,FG_890062_F_38.jpg,43,48,52,56,40,38,59,48,58,5
1,FG_890081_M_01.jpg,2,1,6,10,1,1,1,1,2,2
19,FG_890072_F_19.jpg,29,21,22,35,25,20,24,22,22,24
21,FG_890067_F_21.jpg,15,25,19,18,18,22,16,20,15,19
10,FG_890053_M_10.jpg,0,12,11,15,9,6,7,6,6,11
50,FG_890048_M_50.jpg,78,60,48,42,59,60,60,65,6,66
11,FG_890075_M_11.jpg,9,9,11,12,13,10,12,8,1,9
4,FG_890067_F_04.jpg,5,9,3,4,6,4,5,5,5,11
18,FG_890027_F_18.jpg,20,21,22,17,22,16,21,17,20,18
7,FG_890072_F_07.jpg,6,4,5,5,8,8,5,9,12,8
15,FG_890047_F_15.jpg,23,12,19,7,16,24,28,12,15,29
4,FG_890034_F_04.jpg,5,9,8,2,2,3,3,3,2,8
2,FG_890026_F_02.jpg,8,3,3,2,4,11,1,3,3,4
20,FG_890047_F_20.jpg,23,23,22,28,20,25,20,20,35,24
1,FG_890073_F_01.jpg,1,2,3,2,1,2,1,10,1,3
21,FG_890035_M_21.jpg,27,28,20,3,32,25,26,24,24,26
24,FG_890071_M_24.jpg,39,29,31,49,35,45,43,44,45,35
3,FG_890059_F_03.jpg,5,6,16,3,10,10,3,6,2,10
19,FG_890060_F_19.jpg,21,8,22,28,20,14,26,21,16,24
1,FG_890038_M_01.jpg,2,2,2,5,2,1,11,3,2,2
22,FG_890001_M_22.jpg,30,43,33,3,40,40,29,45,37,30
18,FG_890021_F_18.jpg,15,8,18,8,19,23,20,19,24,23
8,FG_890081_M_08.jpg,8,8,12,6,8,9,9,10,8,10
3,FG_890075_M_03.jpg,4,5,13,7,3,5,8,8,10,3
22,FG_890027_F_22.jpg,33,28,21,36,17,22,23,36,21,36
25,FG_890045_M_25.jpg,28,35,28,36,50,28,36,30,35,31
1,FG_890053_M_01.jpg,2,3,6,17,3,3,4,3,9,3
35,FG_890021_F_35.jpg,43,41,45,55,38,32,34,49,42,33
7,FG_890030_F_07.jpg,8,8,8,9,11,12,6,7,8,11
29,FG_890001_M_29.jpg,48,39,40,38,40,35,45,48,35,45
7,FG_890080_M_07.jpg,7,8,3,7,6,6,6,6,6,5
5,FG_890060_F_05.jpg,6,4,3,11,4,10,4,15,3,8
9,FG_890023_M_09.jpg,10,7,12,10,7,10,7,8,1,9
6,FG_890065_F_06_a.jpg,12,6,3,5,5,6,7,10,8,14
29,FG_890018_F_29.jpg,35,3.450000e+01,24,36,30,28,34,25,35,35
35,FG_890005_F_35.jpg,53,38,66,40,42,38,40,35,40,40
9,FG_890048_M_09.jpg,8,12,6,12,10,12,9,11,10,10
20,FG_890028_M_20.jpg,23,16,22,17,20,10,18,10,14,13
14,FG_890055_M_14.jpg,25,19,8,18,10,20,12,15,22,15
5,FG_890024_M_05.jpg,5,4,5,4,3,4,6,6,6,4
3,FG_890076_F_03.jpg,5,45,3,4,9,6,4,4,4,13
2,FG_890052_F_02.jpg,5,9,3,2,2,7,3,3,4,4
13,FG_890047_F_13.jpg,18,19,27,25,20,35,30,35,17,18
10,FG_890065_F_10.jpg,11,12,15,15,13,16,13,13,19,16
20,FG_890029_M_20.jpg,30,28,25,25,37,30,28,25,65,34
12,FG_890053_M_12.jpg,16,10,13,6,8,10,11,11,8,10
8,FG_890075_M_08.jpg,6,8,11,6,3,12,8,10,8,7
20,FG_890021_F_20.jpg,38,32,33,29,35,45,42,29,65,30
25,FG_890044_M_25.jpg,39,37,22,42,33,23,33,31,36,38
8,FG_890032_F_08.jpg,10,12,4,10,11,2,16,10,6,7
0,FG_890035_M_00.jpg,0,1,1,1,2,11,4,1,1,6
21,FG_890033_M_21.jpg,36,33,30,26,25,40,35,32,25,25
18,FG_890063_M_18.jpg,20,15,19,19,15,15,23,16,19,23
1,FG_890007_M_01.jpg,3,1,1,2,1,11,1,2,0,2
16,FG_890018_F_16.jpg,20,19,1,17,21,11,15,13,18,14
5,FG_890039_F_05.jpg,25,5,10,7,6,12,5,10,10,10
10,FG_890079_M_10.jpg,8,12,12,10,8,13,6,19,12,10
4,FG_890030_F_04.jpg,15,11,10,5,6,11,19,6,9,4
16,FG_890062_F_16.jpg,8,18,18,8,17,16,25,1,18,21
48,FG_890045_M_48.jpg,65,7,52,80,53,61,62,55,65,72
6,FG_890040_M_06.jpg,7,6,10,4,9,5,6,6,5,5
0,FG_890031_M_00.jpg,1,1,0,1,6,1,1,1,1,10
34,FG_890038_M_34.jpg,35,35,31,42,55,44,45,47,40,48
2,FG_890081_M_02.jpg,3,4,2,1,2,2,2,3,3,1
16,FG_890027_F_16.jpg,16,16,38,9,17,18,17,30,28,15
17,FG_890036_M_17.jpg,18,22,21,23,24,25,22,25,18,24
16,FG_890049_F_16.jpg,29,29,19,40,20,23,25,27,22,23
2,FG_890069_M_02.jpg,4,4,12,3,6,4,3,3,4,5
13,FG_890077_F_13.jpg,13,14,10,18,15,13,9,12,15,9
25,FG_890027_F_25.jpg,32,35,22,24,18,25,33,46,25,30
30,FG_890011_M_30.jpg,40,35,30,35,26,33,32,31,40,36
4,FG_890078_M_04.jpg,7,8,5,10,6,5,7,3,5,4
23,FG_890055_M_23.jpg,25,26,32,30,23,28,32,22,38,27
43,FG_890045_M_43.jpg,53,55,65,65,50,65,72,60,48,70
60,FG_890003_F_60.jpg,64,52,55,18,52,60,55,60,65,55
13,FG_890009_F_13.jpg,16,15,16,12,2,12,14,17,12,16
34,FG_890011_M_34.jpg,30,32,30,32,28,40,35,3,35,48
20,FG_890042_M_20.jpg,3,33,26,3.250000e+01,24,26,18,40,22,35
8,FG_890036_M_08.jpg,9,8,9,12,12,10,6,8,20,6
24,FG_890005_F_24.jpg,2,20,25,15,30,23,22,28,28,22
0,FG_890036_M_00.jpg,2,2,1,1,0,6,1,2,1,1
48,FG_890005_F_48.jpg,69,6,56,55,55,50,60,59,59,50
0,FG_890080_M_00.jpg,1,1,0,1,12,2,1,1,1,0
46,FG_890006_M_46.jpg,59,56,52,45,55,50,56,54,55,6
3,FG_890080_M_03.jpg,5,5,3,3,5,2,3,4,3,9
9,FG_890063_M_09.jpg,9,22,12,22,2,9,15,12,8,19
10,FG_890078_M_10.jpg,10,8,12,12,10,9,10,8,8,8
6,FG_890057_M_06.jpg,5,6,7,8,10,11,10,9,7,12
19,FG_890052_F_19.jpg,28,22,25,19,32,18,22,26,25,24
36,FG_890006_M_36.jpg,30,50,53,41,34,33,30,38,38,48
45,FG_890005_F_45.jpg,40,50,35,34,42,40,40,50,43,38
5,FG_890073_F_05.jpg,5,7,4,0,3,3,3,6,5,3
37,FG_890028_M_37.jpg,56,63,65,48,57,65,58,55,50,50
10,FG_890048_M_10.jpg,9,12,12,12,16,12,15,9,15,11
40,FG_890011_M_40.jpg,40,50,37,5,42,47,48,48,49,42
15,FG_890076_F_15.jpg,22,16,26,17,13,18,17,18,18,15
40,FG_890004_M_40.jpg,65,61,52,5,45,60,51,37,53,47
2,FG_890070_M_02.jpg,16,3,8,4,5,5,3,1,4,1
0,FG_890037_M_00.jpg,1,1,1,1,2,0,3,1,12,9
33,FG_890029_M_33.jpg,55,41,60,44,45,45,43,45,50,35
36,FG_890017_M_36.jpg,35,45,32,45,36,35,32,38,42,36
0,FG_890058_M_00.jpg,3,1,1,2,2,2,1,1,2,3
19,FG_890036_M_19.jpg,26,26,29,28,20,25,28,22,24,24
15,FG_890036_M_15.jpg,20,17,24,22,18,22,18,18,14,21
24,FG_890051_M_24.jpg,28,45,25,29,28,26,31,29,28,23
6,FG_890049_F_06.jpg,5,7,5,6,8,5,6,8,7,0
27,FG_890047_F_27.jpg,26,25,40,43,20,4,24,35,20,30
1,FG_890036_M_01.jpg,1,3,2,9,4,1,3,1,1,4
47,FG_890062_F_47.jpg,56,55,33,55,50,60,60,57,65,62
17,FG_890051_M_17.jpg,24,26,23,25,25,27,32,25,28,22
11,FG_890047_F_11.jpg,32,23,19,22,15,25,2,33,22,31
6,FG_890077_F_06.jpg,14,8,6,7,8,4,8,8,7,8
52,FG_890048_M_52.jpg,65,45,65,65,55,65,65,66,58,55
4,FG_890069_M_04.jpg,4,2,7,4,8,6,6,5,5,8
18,FG_890053_M_18.jpg,35,26,45,33,24,33,45,40,27,38
10,FG_890081_M_10.jpg,8,7,1,12,9,10,7,6,11,7
8,FG_890038_M_08.jpg,4,6,14,8,5,7,9,7,8,8
14,FG_890001_M_14.jpg,15,9,21,18,16,12,18,15,17,18
2,FG_890037_M_02.jpg,4,4,4,8,4,5,7,9,8,6
17,FG_890058_M_17.jpg,24,16,32,20,15,16,18,25,20,15
11,FG_890065_F_11.jpg,12,11,12,7,10,16,13,10,13,12
23,FG_890029_M_23.jpg,37,43,38,33,36,30,42,28,28,35
12,FG_890081_M_12.jpg,8,12,13,8,13,10,15,8,17,10
5,FG_890042_M_05.jpg,5,5,0,12,5,5,3,5,5,2
29,FG_890023_M_29.jpg,45,38,43,49,34,32,40,38,42,48
8,FG_890045_M_08.jpg,11,4,5,6,8,7,5,13,6,6
0,FG_890013_M_00.jpg,1,1,2,1,1,1,1,1,2,2
6,FG_890066_M_06_a.jpg,6,10,6,6,4,5,7,5,9,7
17,FG_890076_F_17.jpg,16,17,16,14,15,32,14,18,16,22
7,FG_890060_F_07.jpg,8,12,11,13,11,11,10,5,10,6
53,FG_890062_F_53.jpg,35,43,55,40,35,51,65,64,54,55
10,FG_890076_F_10.jpg,23,10,14,8,12,11,11,10,13,9
2,FG_890059_F_02_a.jpg,5,2,0,12,3,3,9,1,9,3
1,FG_890037_M_01.jpg,2,11,2,2,0,10,3,2,2,4
24,FG_890020_F_24.jpg,38,32,30,39,28,25,45,35,42,33
18,FG_890014_F_18.jpg,15,20,18,17,17,24,1,18,27,15
2,FG_890020_F_02.jpg,2,4,5,10,3,1,11,2,8,3
18,FG_890033_M_18.jpg,24,30,25,28,28,26,30,24,45,23
4,FG_890052_F_04.jpg,5,8,3,3,6,6,10,6,9,5
7,FG_890023_M_07.jpg,8,3,8,7,7,12,10,8,9,3
15,FG_890058_M_15.jpg,18,2,25,22,16,16,15,19,18,35
67,FG_890006_M_67.jpg,62,65,58,55,60,58,65,55,63,53
17,FG_890054_F_17.jpg,24,32,48,29,36,33,35,35,28,3
16,FG_890035_M_16.jpg,20,15,19,19,21,23,14,19,22,18
3,FG_890021_F_03.jpg,5,6,12,4,2,4,7,7,6,3
7,FG_890074_M_07.jpg,10,7,6,5,7,6,9,8,10,10
6,FG_890060_F_06.jpg,7,8,7,5,8,10,10,9,5,6
26,FG_890061_F_26.jpg,22,26,36,24,2,23,12,36,23,35
23,FG_890024_M_23.jpg,39,35,40,22,32,46,45,32,39,30
4,FG_890064_M_04.jpg,3,3,6,2,4,6,3,11,5,8
1,FG_890079_M_01.jpg,3,4,3,5,6,7,0,3,1,5
4,FG_890063_M_04.jpg,3,3,2,0,3,3,1,5,4,5
31,FG_890005_F_31.jpg,40,37,54,50,39,43,24,39,31,43
23,FG_890025_F_23.jpg,2.750000e+01,25,25,35,30,30,19,32,28,39
18,FG_890020_F_18.jpg,30,21,27,30,35,30,34,35,31,27
14,FG_890073_F_14.jpg,20,12,19,16,12,15,20,15,17,14
7,FG_890017_M_07.jpg,5,6,0,8,9,10,10,7,10,10
0,FG_890075_M_00.jpg,1,1,2,2,2,1,1,10,1,11
10,FG_890071_M_10.jpg,10,14,14,28,15,15,11,8,10,8
31,FG_890002_F_31.jpg,32,29,22,34,45,26,36,28,28,30
1,FG_890078_M_01.jpg,1,2,3,1,1,3,1,6,1,14
22,FG_890023_M_22.jpg,21,32,29,27,45,32,32,33,38,22
4,FG_890010_F_04.jpg,11,6,5,7,0,6,8,3,6,17
26,FG_890030_F_26.jpg,24,24,32,35,25,25,32,29,27,22
18,FG_890002_F_18.jpg,15,17,35,2,22,19,19,28,25,15
39,FG_890033_M_39.jpg,45,55,55,57,42,45,45,44,50,48
16,FG_890048_M_16.jpg,29,28,22,19,22,19,20,22,22,22
10,FG_890043_F_10.jpg,31,20,5,19,17,16,35,21,42,30
30,FG_890024_M_30.jpg,40,29,45,45,9,35,39,35,39,38
2,FG_890053_M_02.jpg,3,12,2,3,4,3,3,10,3,3
45,FG_890071_M_45.jpg,50,42,32,48,4,44,54,35,44,45
14,FG_890038_M_14.jpg,22,17,32,29,13,25,18,17,15,2
42,FG_890014_F_42.jpg,45,30,35,28,49,35,37,33,46,36
0,FG_890009_F_00.jpg,1,2,2,3,1,1,2,1,17,9
1,FG_890064_M_01.jpg,1,6,3,1,10,1,1,2,1,1
10,FG_890058_M_10.jpg,9,11,10,8,11,15,15,8,13,10
12,FG_890068_M_12.jpg,10,14,12,16,8,15,12,12,12,10
9,FG_890073_F_09.jpg,8,10,6,6,8,6,9,7,9,10
36,FG_890018_F_36.jpg,26,32,25,25,22,33,28,25,22,30
20,FG_890032_F_20.jpg,35,9,25,30,34,36,36,30,25,40
4,FG_890055_M_04.jpg,4,3,4,4,3,6,3,5,2,4
18,FG_890013_M_18.jpg,21,15,27,28,32,25,15,22,25,25
45,FG_890007_M_45.jpg,33,32,38,40,40,48,43,37,37,35
23,FG_890002_F_23.jpg,31,27,39,26,20,23,26,23,33,25
3,FG_890035_M_03.jpg,5.500000e+00,12,5,3,4,12,4,5,2,2
7,FG_890049_F_07.jpg,10,15,6,12,10,15,13,12,16,11
14,FG_890031_M_14.jpg,20,37,34,18,15,17,15,30,18,18
31,FG_890082_M_31.jpg,29,30,25,3,30,29,28,30,25,35
5,FG_890009_F_05.jpg,7,3,6,17,6,4,7,4,8,5
2,FG_890051_M_02.jpg,21,5,3,4,1,3,4,6,4,3
28,FG_890025_F_28.jpg,22,35,40,30,16,30,20,19,12,28
19,FG_890061_F_19.jpg,22,20,15,28,23,22,25,20,18,22
14,FG_890050_M_14.jpg,56,24,19,45,27,26,15,29,28,25
6,FG_890041_M_06.jpg,12,6,6,8,8,6,0,4,10,8
45,FG_890062_F_45.jpg,44,78,60,33,45,55,40,45,40,45
5,FG_890078_M_05.jpg,7,6,5,13,7,4,7,3,7,8
23,FG_890022_M_23.jpg,25,30,29,32,28,29,35,33,32,22
49,FG_890005_F_49.jpg,48,45,45,55,51,60,40,36,58,54
10,FG_890064_M_10.jpg,10,10,15,12,10,9,13,8,12,12
7,FG_890065_F_07_a.jpg,8,8,7,7,7,8,5,8,12,4
55,FG_890047_F_55.jpg,65,6,60,60,37,55,55,58,58,56
10,FG_890029_M_10.jpg,9,16,13,13,10,15,6,1,6,18
11,FG_890018_F_11.jpg,8,7,12,9,10,12,10,8,11,12
13,FG_890029_M_13.jpg,16,16,15,14,39,17,35,7,20,37
5,FG_890001_M_05.jpg,6,7,6,6,7,8,10,7,5,8
6,FG_890046_M_06.jpg,0,7,8,7,11,15,5,13,6,6
16,FG_890076_F_16.jpg,15,18,17,26,19,18,8,18,14,19
15,FG_890062_F_15.jpg,27,29,20,35,25,22,31,25,40,19
7,FG_890073_F_07.jpg,8,8,14,8,11,5,5,5,10,8
11,FG_890081_M_11.jpg,22,14,8,9,12,9,15,5,14,12
11,FG_890069_M_11.jpg,12,9,19,8,12,10,9,12,10,12
6,FG_890078_M_06.jpg,7,5,6,8,3,11,8,9,13,9
7,FG_890002_F_07.jpg,8,5,9,6,9,7,10,6,13,13
27,FG_890048_M_27.jpg,6,34,40,38,53,4,35,48,30,50
11,FG_890034_F_11.jpg,23,11,10,14,10,8,13,10,11,10
10,FG_890042_M_10.jpg,22,14,17,14,13,14,19,98,5,6
4,FG_890056_M_04.jpg,4,7,3,7,7,4,3,5,3,7
5,FG_890070_M_05.jpg,10,8,12,4,6,9,12,8,6,1
14,FG_890011_M_14.jpg,18,14,17,18,14,12,20,12,20,18
16,FG_890057_M_16.jpg,16,17,26,31,16,36,13,24,19,30
28,FG_890067_F_28.jpg,35,25,32,43,37,37,41,32,38,54
15,FG_890011_M_15.jpg,14,16,12,27,12,19,25,17,15,20
16,FG_890023_M_16.jpg,32,45,34,38,37,41,22,2,29,31
62,FG_890004_M_62.jpg,61,70,70,75,75,65,61,65,65,60
29,FG_890008_F_29.jpg,39,26,35,35,30,27,35,25,20,26
7,FG_890015_F_07.jpg,17,12,8,15,11,8,10,5,14,8
21,FG_890044_M_21.jpg,17,16,15,19,25,18,25,19,16,15
30,FG_890014_F_30.jpg,30,36,35,19,28,38,33,25,28,46
4,FG_890060_F_04.jpg,11,9,3,7,7,6,3,7,3,5
17,FG_890030_F_17.jpg,32,4,42,28,20,25,18,22,49,45
27,FG_890012_F_27.jpg,35,28,34,32,22,31,35,21,28,22
3,FG_890040_M_03_a.jpg,4,5,2,0,5,3,5,7,5,3
13,FG_890032_F_13.jpg,35,23,31,23,25,24,41,32,23,41
5,FG_890069_M_05.jpg,12,6,8,8,6,4,6,9,8,6
11,FG_890036_M_11.jpg,10,6,6,9,3,6,9,8,12,11
19,FG_890064_M_19.jpg,24,22,21,25,22,24,24,25,27,23
23,FG_890038_M_23.jpg,23,20,25,21,25,24,25,28,24,25
18,FG_890019_M_18.jpg,25,25,28,25,32,22,26,25,23,25
2,FG_890040_M_02.jpg,4,6,4,3,3,2,0,3,4,4
11,FG_890022_M_11.jpg,10,14,9,11,17,12,12,15,14,12
4,FG_890077_F_04.jpg,3,5,8,5,3,6,9,6,6,5
9,FG_890079_M_09.jpg,9,8,13,5,10,8,7,10,7,9
15,FG_890053_M_15.jpg,24,26,20,26,27,33,25,26,17,28
17,FG_890015_F_17.jpg,19,31,30,22,30,22,25,21,25,22
18,FG_890005_F_18.jpg,28,21,14,23,20,16,2,22,23,18
40,FG_890071_M_40.jpg,45,45,45,45,45,49,48,55,51,54
13,FG_890020_F_13.jpg,40,14,26,35,6,16,32,23,30,30
20,FG_890041_M_20.jpg,20,25,28,32,2,30,26,21,19,23
14,FG_890052_F_14.jpg,17,20,28,26,21,21,27,25,15,26
63,FG_890004_M_63.jpg,65,63,65,72,75,75,68,58,65,72
19,FG_890004_M_19.jpg,45,25,27,23,19,40,25,26,22,28
18,FG_890023_M_18.jpg,22,25,23,21,28,31,23,24,33,35
34,FG_890025_F_34.jpg,32,20,32,46,26,34,40,41,30,41
12,FG_890031_M_12.jpg,15,12,16,15,7,12,12,14,9,10
21,FG_890038_M_21.jpg,25,35,20,18,22,33,28,19,14,23
17,FG_890046_M_17.jpg,27,19,9,19,25,16,25,18,3,27
3,FG_890065_F_03_b.jpg,3,5,9,3,5,3,5,4,5,3
3,FG_890050_M_03.jpg,4,4,0,6,5,4,3,5,4,2
10,FG_890039_F_10.jpg,12,12,24,19,14,16,19,16,13,10
16,FG_890077_F_16.jpg,15,15,11,2,15,13,16,16,33,16
25,FG_890033_M_25.jpg,48,42,32,38,40,46,4,35,35,18
8,FG_890074_M_08.jpg,7,6,6,5,5,6,7,6,12,6
22,FG_890014_F_22.jpg,25,9,15,20,23,15,26,21,18,20
2,FG_890046_M_02.jpg,6,2,2,1,7,4,2,1,2,3
3,FG_890016_M_03.jpg,6,3,4,7,3,4,6,12,5,5
5,FG_890002_F_05.jpg,12,12,5,8,5,7,6,8,5,6
41,FG_890072_F_41.jpg,42,49,38,45,50,47,38,44,45,36
10,FG_890077_F_10.jpg,9,8,6,10,8,8,8,8,6,8
14,FG_890074_M_14.jpg,15,15,35,18,16,19,25,16,12,20
11,FG_890038_M_11.jpg,1,16,6,13,20,3,9,12,8,7
39,FG_890007_M_39.jpg,30,35,43,45,45,42,40,35,48,52
18,FG_890071_M_18.jpg,35,36,28,45,27,30,40,40,38,34
23,FG_890035_M_23_b.jpg,34,25,38,25,30,37,23,35,35,25
17,FG_890057_M_17.jpg,28,25,30,33,32,28,35,32,28,25
10,FG_890066_M_10.jpg,14,12,12,14,13,1,11,12,8,13
16,FG_890009_F_16_b.jpg,19,25,17,18,20,30,17,25,28,20
6,FG_890065_F_06_b.jpg,7,8,5,4,8,8,7,5,6,3
51,FG_890004_M_51.jpg,72,59,65,70,55,67,65,48,9,66
23,FG_890067_F_23.jpg,27,35,9,21,23,21,42,30,2,33
27,FG_890019_M_27.jpg,35,32,33,46,43,45,35,44,35,45
30,FG_890008_F_30.jpg,42,38,38,35,46,41,30,33,40,30
6,FG_890076_F_06.jpg,9,21,8,6,15,5,8,6,9,10
18,FG_890025_F_18.jpg,15,31,15,16,16,15,15,18,19,15
5,FG_890044_M_05.jpg,9,7,10,6,12,7,8,10,7,0
16,FG_890001_M_16.jpg,25,25,25,21,2,17,27,25,35,18
1,FG_890080_M_01.jpg,1,3,6,1,1,2,2,2,3,0
9,FG_890069_M_09.jpg,11,12,10,14,9,9,8,12,11,9
23,FG_890082_M_23.jpg,26,30,26,25,33,25,24,9,15,2
4,FG_890038_M_04.jpg,7,10,5,13,7,5,5,12,7,5
49,FG_890048_M_49.jpg,59,55,58,54,50,35,52,53,65,69
5,FG_890040_M_05.jpg,5,6,8,12,13,6,10,8,8,5
12,FG_890040_M_12.jpg,14,21,19,10,30,16,7,15,16,13
3,FG_890008_F_03.jpg,4,2,3,2,1,2,4,2,5,2
5,FG_890017_M_05.jpg,5,8,7,10,4,4,4,6,8,11
4,FG_890020_F_04.jpg,4,6,4,4,7,3,8,8,4,6
31,FG_890008_F_31.jpg,35,33,45,44,47,32,40,32,45,37
8,FG_890060_F_08.jpg,10,10,15,7,8,12,10,10,7,13
38,FG_890003_F_38.jpg,30,35,19,28,19,40,25,47,38,53
4,FG_890080_M_04.jpg,4,5,6,3,4,5,15,10,4,6
6,FG_890058_M_06.jpg,10,1,8,5,7,14,12,8,8,6
30,FG_890020_F_30.jpg,40,30,25,30,36,32,3,38,24,2
43,FG_890001_M_43_b.jpg,61,50,41,45,44,45,50,58,45,60
4,FG_890042_M_04.jpg,5,3,9,3,6,10,3,7,7,7
8,FG_890013_M_08.jpg,12,10,6,8,8,9,4,14,7,5
8,FG_890077_F_08.jpg,7,12,10,9,14,9,12,10,12,9
38,FG_890017_M_38.jpg,37,43,35,38,35,30,33,35,35,50
10,FG_890049_F_10.jpg,16,15,25,31,18,30,13,12,18,20
33,FG_890001_M_33.jpg,33,40,32,45,40,35,33,48,48,38
15,FG_890017_M_15.jpg,28,15,17,15,20,19,15,28,16,20
23,FG_890057_M_23.jpg,35,25,21,33,25,15,15,25,36,33
16,FG_890002_F_16.jpg,22,22,18,15,22,35,20,16,19,30
23,FG_890071_M_23.jpg,35,35,48,32,50,28,35,30,52,40
40,FG_890045_M_40.jpg,48,60,65,55,58,43,55,62,68,55
13,FG_890065_F_13.jpg,12,1,8,9,14,20,15,12,10,16
3,FG_890040_M_03_b.jpg,4,4,10,3,3,6,7,4,2,1
7,FG_890057_M_07.jpg,7,13,7,5,11,6,9,8,8,5
35,FG_890033_M_35.jpg,50,45,57,40,39,45,48,48,45,32
5,FG_890058_M_05.jpg,8,8,5,7,13,8,6,6,4,8
4,FG_890012_F_04.jpg,6,5,0,5,7,4,6,7,5,6
0,FG_890074_M_00.jpg,1,1,1,6,1,0,1,1,0,1
3,FG_890074_M_03.jpg,5,5,11,5,2,3,3,5,6,5
12,FG_890046_M_12.jpg,16,14,16,8,9,6,10,7,8,9
6,FG_890031_M_06.jpg,6,3,6,7,8,5,5,5,6,6
5,FG_890029_M_05.jpg,8,3,3,3,7,0,5,7,8,7
17,FG_890067_F_17.jpg,21,1,17,15,20,35,23,19,26,17
7,FG_890078_M_07.jpg,10,8,8,12,12,8,9,10,0,15
12,FG_890047_F_12.jpg,22,15,26,16,19,18,25,21,20,29
15,FG_890015_F_15.jpg,29,18,9,14,17,19,23,16,27,17
0,FG_890068_M_00.jpg,1,6,1,1,1,1,0,1,10,15
3,FG_890065_F_03_a.jpg,3,6,4,5,3,4,11,6,6,2
7,FG_890059_F_07.jpg,7,6,5,12,8,5,5,6,4,3
34,FG_890072_F_34.jpg,23,32,32,45,40,40,35,35,37,27
1,FG_890070_M_01.jpg,2,3,0,1,3,3,1,1,6,4
11,FG_890027_F_11.jpg,22,21,15,18,15,21,16,23,19,18
21,FG_890012_F_21.jpg,36,25,35,22,25,22,37,22,24,28
22,FG_890009_F_22_a.jpg,20,24,22,15,14,20,18,13,16,14
27,FG_890021_F_27.jpg,33,47,45,44,40,5,38,35,25,48
1,FG_890009_F_01.jpg,1,2,2,1,2,2,3,1,2,2
0,FG_890024_M_00.jpg,1,2,1,11,3,1,2,3,3,0
23,FG_890035_M_23_a.jpg,35,35,24,33,35,35,30,55,28,45
29,FG_890002_F_29.jpg,33,15,35,35,29,31,43,20,15,27
5,FG_890075_M_05.jpg,3,0,9,9,5,6,4,7,3,7
10,FG_890033_M_10.jpg,1,7,9,8,6,8,12,8,8,8
28,FG_890045_M_28.jpg,46,37,43,48,36,46,40,42,40,48
18,FG_890016_M_18.jpg,30,27,27,18,22,26,35,28,39,22
36,FG_890014_F_36.jpg,41,26,38,21,50,36,50,55,45,47
20,FG_890011_M_20.jpg,35,25,30,27,25,25,32,32,23,25
12,FG_890057_M_12.jpg,14,6,11,10,12,1,13,10,9,14
1,FG_890029_M_01.jpg,1,4,2,2,1,2,1,2,1,2
9,FG_890080_M_09.jpg,12,7,7,7,9,4,8,10,8,8
61,FG_890005_F_61.jpg,65,58,65,45,55,60,6,51,60,68
9,FG_890009_F_09.jpg,14,7,17,16,6,7,7,9,0,10
5,FG_890030_F_05.jpg,5,5,7,17,9,5,8,13,12,5
2,FG_890034_F_02.jpg,2,8,1,3,1,2,1,12,1,5
17,FG_890043_F_17.jpg,25,34,28,26,38,38,34,35,29,25
26,FG_890028_M_26.jpg,44,40,33,29,33,28,28,31,24,20
6,FG_890054_F_06.jpg,6,0,15,5,6,4,12,5,5,6
17,FG_890037_M_17.jpg,18,15,18,17,22,18,17,22,19,21
17,FG_890072_F_17.jpg,12,24,21,21,31,24,13,19,13,14
3,FG_890058_M_03.jpg,0,8,10,13,5,4,12,8,5,13
10,FG_890046_M_10.jpg,8,9,5,10,7,13,5,15,7,10
13,FG_890058_M_13.jpg,9,12,15,10,9,13,8,10,5,20
2,FG_890076_F_02.jpg,2,3,3,3,3,1,4,3,4,11
10,FG_890001_M_10.jpg,12,10,10,12,15,10,8,12,11,10
30,FG_890062_F_30.jpg,32,45,45,38,34,28,35,46,42,35
20,FG_890052_F_20.jpg,21,18,19,26,17,25,25,22,26,18
34,FG_890012_F_34.jpg,26,25,2,23,30,22,30,22,32,23
17,FG_890044_M_17.jpg,17,18,19,19,30,17,18,25,22,25
17,FG_890038_M_17.jpg,17,19,25,29,21,35,35,38,18,25
6,FG_890008_F_06.jpg,7,10,9,8,8,8,11,8,12,11
33,FG_890063_M_33.jpg,25,35,24,32,5,32,19,25,29,35
13,FG_890073_F_13.jpg,12,15,22,12,16,22,25,13,20,18
28,FG_890018_F_28.jpg,28,45,36,32,30,29,46,29,32,27
18,FG_890032_F_18.jpg,38,58,35,42,27,38,26,31,25,46
11,FG_890079_M_11.jpg,9,10,12,12,7,12,10,12,12,12
19,FG_890016_M_19.jpg,17,27,30,28,24,30,29,26,33,23
13,FG_890027_F_13.jpg,12,15,17,10,18,14,28,18,16,14
6,FG_890026_F_06.jpg,9,20,8,7,6,10,8,8,7,15
5,FG_890076_F_05.jpg,8,9,8,7,8,4,6,6,10,3
5,FG_890033_M_05.jpg,2,4,3,4,2,4,2,5,3,5
12,FG_890078_M_12.jpg,7,13,11,5,8,13,14,13,8,15
14,FG_890068_M_14.jpg,26,35,16,32,28,19,26,38,19,17
18,FG_890048_M_18.jpg,18,25,24,34,20,36,30,23,21,25
28,FG_890024_M_28.jpg,45,30,32,35,35,48,40,33,41,32
27,FG_890071_M_27.jpg,35,40,34,45,39,35,43,45,45,55
5,FG_890057_M_05.jpg,11,8,8,15,17,9,6,12,12,16
61,FG_890006_M_61.jpg,40,55,50,58,48,60,50,50,65,48
2,FG_890031_M_02.jpg,2,4,3,4,6,2,0,6,8,4
15,FG_890078_M_15.jpg,22,17,16,9,19,15,14,15,12,13
9,FG_890054_F_09.jpg,11,15,9,8,8,5,7,35,1.450000e+01,7
10,FG_890060_F_10.jpg,13,13,12,9,10,12,14,9,9,20
15,FG_890002_F_15.jpg,17,23,16,18,15,1,15,18,17,18
18,FG_890036_M_18.jpg,9,27,22,28,2,22,25,19,26,22
45,FG_890072_F_45.jpg,40,33,30,30,32,40,48,47,32,52
14,FG_890012_F_14.jpg,9,22,18,20,23,17,16,16,16,15
7,FG_890075_M_07.jpg,6,7,15,8,15,3,9,9,7,4
8,FG_890042_M_08.jpg,12,6,7,13,7,7,6,12,10,13
22,FG_890082_M_22.jpg,28,35,29,29,25,45,41,25,25,48
22,FG_890007_M_22.jpg,22,35,20,28,17,25,22,27,22,29
9,FG_890040_M_09.jpg,7,14,11,13,6,1,10,8,10,9
7,FG_890079_M_07.jpg,6,9,9,7,15,15,6,13,6,9
46,FG_890028_M_46.jpg,55,63,65,63,68,60,56,70,58,63
22,FG_890018_F_22.jpg,22,28,27,22,35,19,40,23,35,2.450000e+01
6,FG_890018_F_06.jpg,5,13,5,9,7,14,15,8,7,3
61,FG_890003_F_61.jpg,60,65,50,68,32,43,56,65,56,55
27,FG_890043_F_27.jpg,32,35,40,33,38,35,34,40,32,45
33,FG_890032_F_33.jpg,42,53,50,65,59,42,40,40,40,43
4,FG_890079_M_04.jpg,4,7,5,6,5,4,3,5,4,13
12,FG_890080_M_12.jpg,8,10,10,8,9,9,7,8,12,6
2,FG_890060_F_02.jpg,8,7,5,4,5,10,6,5,8,7
39,FG_890025_F_39.jpg,31,35,30,36,41,44,35,44,40,42
6,FG_890032_F_06.jpg,10,4,6,8,12,9,10,10,12,10
27,FG_890072_F_27.jpg,26,25,19,24,26,29,23,26,20,22
19,FG_890031_M_19.jpg,19,28,35,30,25,30,23,25,23,26
9,FG_890047_F_09.jpg,15,19,23,19,12,20,12,15,22,17
7,FG_890010_F_07_b.jpg,8,9,12,9,8,8,10,12,10,14
20,FG_890060_F_20.jpg,36,30,25,19,15,11,1,19,25,14
16,FG_890046_M_16.jpg,20,15,14,21,22,13,17,17,13,11
14,FG_890033_M_14.jpg,23,15,16,12,21,15,30,15,3,13
4,FG_890053_M_04.jpg,3,4,5,6,5,6,4,5,4,10
10,FG_890010_F_10.jpg,10,8,5,9,4,7,6,8,6,12
0,FG_890070_M_00.jpg,1,0,3,2,3,3,1,7,5,1
21,FG_890004_M_21.jpg,27,32,21,30,35,25,26,32,22,29
18,FG_890010_F_18.jpg,3,29,20,22,18,22,15,18,26,28
15,FG_890044_M_15.jpg,20,20,15,19,32,26,28,18,22,16
8,FG_890016_M_08.jpg,7,10,15,10,9,10,12,6,15,12
21,FG_890041_M_21.jpg,23,25,20,29,22,38,20,29,25,23
42,FG_890006_M_42.jpg,49,50,55,58,55,45,35,35,53,60
15,FG_890073_F_15.jpg,8,25,22,19,23,22,21,28,25,30
12,FG_890070_M_12.jpg,15,12,8,9,7,12,10,8,8,8
8,FG_890020_F_08.jpg,16,12,7,24,18,15,15,13,15,10
18,FG_890009_F_18.jpg,20,19,20,32,29,28,19,34,17,17
1,FG_890016_M_01.jpg,11,3,4,2,4,2,6,4,2,3
27,FG_890011_M_27.jpg,40,33,42,34,23,36,30,30,34,32
30,FG_890019_M_30.jpg,35,35,45,37,39,36,35,32,25,45
24,FG_890041_M_24.jpg,24,39,23,17,23,23,25,24,25,18
0,FG_890023_M_00.jpg,0,1,16,7,1,1,5,0,2,0
13,FG_890068_M_13.jpg,16,15,13,19,16,19,15,13,13,12
2,FG_890074_M_02.jpg,3,6,1,3,5,2,3,3,5,2
17,FG_890024_M_17.jpg,26,37,29,32,29,26,38,24,37,27
0,FG_890025_F_00.jpg,1,1,1,1,1,0,1,0,1,1
52,FG_890005_F_52.jpg,48,52,34,58,65,66,47,52,65,69
4,FG_890073_F_04.jpg,3,5,6,9,12,10,12,5,5,7
19,FG_890041_M_19.jpg,14,17,11,15,15,15,25,14,16,15
10,FG_890075_M_10.jpg,15,6,12,10,9,12,10,11,5,10
10,FG_890068_M_10_b.jpg,8,10,10,9,8,6,9,9,10,5
11,FG_890072_F_11.jpg,7,14,13,9,12,43,15,12,18,15
9,FG_890066_M_09.jpg,10,7,8,8,10,10,8,11,10,9
35,FG_890039_F_35.jpg,41,49,45,45,42,54,55,40,45,38
21,FG_890034_F_21.jpg,17,22,32,24,26,23,16,20,25,19
24,FG_890042_M_24.jpg,28,22,19,19,25,23,25,24,18,19
41,FG_890008_F_41.jpg,35,35,42,34,35,40,38,35,38,42
3,FG_890025_F_03.jpg,3,3,4,2,4,12,4,4,5,3
35,FG_890071_M_35.jpg,55,45,52,64,68,46,48,49,50,39
4,FG_890054_F_04.jpg,5,5,3,4,12,4,4,12,5,5
15,FG_890025_F_15.jpg,20,32,30,23,22,32,15,30,28,14
13,FG_890011_M_13.jpg,13,13,9,9,9,9,15,1,8,8
32,FG_890012_F_32.jpg,30,20,25,30,29,36,25,24,33,29
33,FG_890048_M_33.jpg,32,44,45,27,42,31,35,32,32,39
17,FG_890060_F_17.jpg,18,20,14,10,18,15,35,8,18,17
11,FG_890048_M_11.jpg,9,10,7,8,13,10,6,16,12,12
5,FG_890080_M_05.jpg,5,4,15,3,5,5,5,4,3,9
1,FG_890015_F_01.jpg,11,1,1,5,2,2,1,3,1,3
16,FG_890050_M_16.jpg,27,39,28,25,23,30,25,25,26,29
16,FG_890054_F_16.jpg,15,15,16,19,17,31,13,23,14,20
15,FG_890026_F_15.jpg,16,11,16,18,14,15,15,13,16,20
38,FG_890007_M_38.jpg,29,39,46,35,47,39,45,54,43,35
3,FG_890064_M_03.jpg,1,5,3,4,2,5,4,1,4,6
11,FG_890011_M_11.jpg,12,5,9,12,10,9,10,6,14,7
19,FG_890043_F_19.jpg,45,45,39,41,45,35,30,41,55,30
25,FG_890063_M_25.jpg,3,28,35,32,30,21,35,23,30,23
22,FG_890050_M_22.jpg,30,35,30,34,42,24,35,23,42,28
30,FG_890022_M_30.jpg,42,36,29,30,40,38,32,38,40,39
8,FG_890066_M_08.jpg,10,12,4,7,15,8,10,8,12,6
18,FG_890051_M_18.jpg,22,25,28,18,21,22,17,35,20,25
0,FG_890041_M_00.jpg,2,1,2,1,2,0,11,3,2,1
2,FG_890041_M_02.jpg,13,10,4,2,2,9,10,3,8,5
18,FG_890050_M_18.jpg,26,30,34,22,22,21,31,19,65,22
20,FG_890020_F_20.jpg,30,22,40,29,30,32,32,3,28,23
12,FG_890059_F_12.jpg,14,19,15,17,18,15,9,14,16,15
11,FG_890026_F_11.jpg,7,12,15,9,10,14,6,12,14,12
15,FG_890034_F_15.jpg,18,26,14,17,18,12,10,22,22,23
0,FG_890048_M_00.jpg,1,1,2,2,1,9,0,11,1,0
4,FG_890015_F_04.jpg,14,8,3,9,9,5,5,12,7,2
4,FG_890031_M_04.jpg,10,10,7,6,4,12,4,4,5,4
16,FG_890010_F_16.jpg,21,21,36,27,28,36,29,25,18,23
30,FG_890004_M_30.jpg,40,40,35,30,29,28,30,29,55,33
33,FG_890067_F_33.jpg,25,42,4,39,33,37,44,36,35,32
11,FG_890074_M_11.jpg,7,9,7,13,2,7,3,8,8,10
11,FG_890029_M_11.jpg,8,10,15,8,8,9,8,9,10,8
0,FG_890026_F_00.jpg,3,4,3,1,0,1,1,0,2,1
30,FG_890033_M_30.jpg,52,3,38,34,35,35,35,35,32,36
16,FG_890030_F_16.jpg,22,18,26,22,12,2,17,48,22,30
12,FG_890051_M_12.jpg,14,20,20,15,15,13,36,19,16,16
18,FG_890035_M_18.jpg,24,25,35,23,18,20,20,25,17,21
14,FG_890040_M_14.jpg,15,16,19,19,9,18,17,1,15,13
17,FG_890016_M_17.jpg,35,19,23,18,19,23,25,25,25,22
9,FG_890031_M_09.jpg,30,13,12,15,12,15,9,13,10,14
9,FG_890035_M_09.jpg,10,5,15,9,15,8,6,10,9,6
0,FG_890043_F_00.jpg,1,2,9,3,11,1,1,0,5,1
7,FG_890081_M_07.jpg,6,6,10,6,4,4,8,6,4,4
20,FG_890036_M_20.jpg,27,27,22,23,28,24,19,32,22,27
13,FG_890037_M_13.jpg,8,9,12,9,10,8,10,14,1.450000e+01,8
18,FG_890082_M_18.jpg,26,22,23,33,28,27,34,35,41,30
3,FG_890078_M_03.jpg,5,4,5,3,8,4,8,4,5,12
6,FG_890066_M_06_b.jpg,3,7,7,8,5,7,15,10,6,11
17,FG_890061_F_17.jpg,12,18,16,16,20,19,16,22,27,16
33,FG_890008_F_33.jpg,33,34,34,35,39,32,37,45,34,24
11,FG_890053_M_11.jpg,6,11,14,5,8,11,7,8,6,4
17,FG_890052_F_17.jpg,21,19,33,25,32,23,17,35,28,34
13,FG_890052_F_13.jpg,16,21,25,25,21,25,28,32,26,17
25,FG_890022_M_25.jpg,26,25,20,36,29,23,32,19,33,36
34,FG_890028_M_34.jpg,65,35,45,50,38,43,50,57,54,56
24,FG_890006_M_24.jpg,28,23,21,20,4,33,22,28,39,17
18,FG_890037_M_18.jpg,25,15,16,25,16,12,14,15,12,17
29,FG_890061_F_29.jpg,38,25,30,23,28,23,33,30,27,28
5,FG_890051_M_05.jpg,4,10,14,6,7,9,13,5,5,4
6,FG_890056_M_06.jpg,8,10,12,8,3,7,5,2,5,5
25,FG_890057_M_25.jpg,9,23,32,25,25,27,35,29,25,25
15,FG_890077_F_15.jpg,16,11,18,15,23,16,21,15,17,32
10,FG_890061_F_10.jpg,8,6,10,19,12,11,15,7,9,6
3,FG_890073_F_03.jpg,6,6,3,2,2,7,3,6,8,4
12,FG_890008_F_12.jpg,16,15,16,10,17,14,14,14,15,13
13,FG_890036_M_13.jpg,8,11,17,13,15,19,18,16,18,18
18,FG_890057_M_18.jpg,18,23,37,44,38,35,25,32,30,37
50,FG_890039_F_50.jpg,53,48,57,65,52,35,45,38,60,45
19,FG_890026_F_19.jpg,16,30,26,3,22,18,32,28,23,16
58,FG_890003_F_58.jpg,53,70,57,50,55,60,63,60,65,60
8,FG_890080_M_08.jpg,8,6,7,4,10,7,11,13,10,9
14,FG_890072_F_14.jpg,14,20,20,16,22,17,26,26,18,18
9,FG_890070_M_09.jpg,4,8,9,10,15,11,13,15,10,8
16,FG_890039_F_16.jpg,16,25,43,48,23,32,19,23,16,33
18,FG_890042_M_18.jpg,25,21,18,35,50,25,22,25,28,35
35,FG_890032_F_35.jpg,45,40,45,45,54,45,50,42,48,31
18,FG_890001_M_18.jpg,31,33,30,38,34,22,32,26,25,24
13,FG_890034_F_13.jpg,12,28,19,15,15,19,18,24,14,19
9,FG_890037_M_09.jpg,8,9,5,7,10,9,10,1,13,13
12,FG_890049_F_12.jpg,10,16,19,17,15,14,9,16,16,14
38,FG_890002_F_38.jpg,45,52,35,59,50,50,43,42,40,55
16,FG_890013_M_16.jpg,26,20,38,23,28,25,27,30,30,25
14,FG_890076_F_14.jpg,32,19,19,24,20,15,16,24,14,14
3,FG_890053_M_03.jpg,7,4,4,3,12,8,2,7,4,4
14,FG_890028_M_14.jpg,16,19,8,13,13,8,12,11,20,13
22,FG_890025_F_22.jpg,18,29,20,21,22,15,1,20,14,16
5,FG_890038_M_05.jpg,8,11,9,7,6,7,9,10,13,4
16,FG_890014_F_16.jpg,36,33,35,20,16,25,23,21,22,30
1,FG_890077_F_01.jpg,2,4,1,1,3,0,1,1,4,12
25,FG_890018_F_25.jpg,35,35,45,35,38,45,36,31,23,33
0,FG_890054_F_00.jpg,2,3,1,2,2,1,12,3,7,1
16,FG_890034_F_16.jpg,24,9,24,19,15,18,20,14,20,18
1,FG_890056_M_01.jpg,0,4,1,2,7,3,1,1,1,1
4,FG_890043_F_04.jpg,4,13,3,2,2,2,2,4,9,3
10,FG_890054_F_10.jpg,16,9,11,14,11,12,11,12,13,4
14,FG_890051_M_14.jpg,24,26,20,23,28,35,24,25,17,25
5,FG_890043_F_05.jpg,2,1,2,11,4,3,2,6,10,3
40,FG_890001_M_40.jpg,41,44,45,46,50,43,43,54,55,47
16,FG_890029_M_16.jpg,18,18,18,24,11,25,12,22,16,13
7,FG_890012_F_07.jpg,9,1,10,7,7,5,8,17,6,10
14,FG_890067_F_14.jpg,20,26,16,12,24,21,20,23,15,20
27,FG_890022_M_27.jpg,38,57,38,45,44,45,30,44,40,30
7,FG_890061_F_07.jpg,12,6,10,5,12,7,9,12,8,8
7,FG_890069_M_07.jpg,12,12,7,7,8,10,10,6,6,7
6,FG_890074_M_06.jpg,2,8,8,8,5,6,4,4,2,12
12,FG_890012_F_12.jpg,6,10,6,11,1,8,6,10,14,11
8,FG_890070_M_08.jpg,7,11,11,8,8,8,9,11,6,6
54,FG_890048_M_54.jpg,65,70,63,73,59,51,55,60,65,58
22,FG_890071_M_22.jpg,45,45,42,37,45,30,35,37,35,41
9,FG_890010_F_09.jpg,11,10,1.450000e+01,6,11,10,10,10,9,6
3,FG_890014_F_03.jpg,2,2,4,4,6,4,12,3,10,5
28,FG_890032_F_28.jpg,52,41,56,45,47,51,45,48,57,45
36,FG_890020_F_36.jpg,35,37,45,45,39,35,32,43,34,45
3,FG_890023_M_03.jpg,6,2,5,4,5,2,5,8,1,5
22,FG_890020_F_22.jpg,37,25,45,48,36,53,35,35,35,29
43,FG_890071_M_43.jpg,46,4.450000e+01,42,46,55,45,44,40,62,45
41,FG_890062_F_41.jpg,45,34,6,35,45,48,50,52,34,35
3,FG_890062_F_03.jpg,6,6,10,6,13,4,5,7,7,8
17,FG_890048_M_17.jpg,22,32,18,16,16,18,19,16,17,20
14,FG_890070_M_14.jpg,11,16,9,10,12,12,19,14,14,15
36,FG_890012_F_36.jpg,25,20,30,30,26,36,33,35,36,32
5,FG_890035_M_05.jpg,0,5,7,3,5,3,4,3,4,3
18,FG_890008_F_18.jpg,25,20,29,21,2.450000e+01,21,28,19,23,32
7,FG_890019_M_07.jpg,16,9,5,12,17,12,11,15,13,11
31,FG_890029_M_31.jpg,39,44,46,42,38,35,32,33,18,28
13,FG_890069_M_13.jpg,18,14,23,20,19,14,11,14,17,15
8,FG_890001_M_08.jpg,10,4,13,10,11,14,11,10,11,11
2,FG_890054_F_02.jpg,3,6,6,10,5,4,5,3,4,40
2,FG_890059_F_02_b.jpg,3,5,3,6,8,7,12,2,5,6
6,FG_890081_M_06.jpg,7,8,10,5,5,4,6,11,5,4
0,FG_890079_M_00.jpg,1,1,0,0,2,1,2,0,1,1
9,FG_890015_F_09.jpg,1,10,14,11,9,12,12,12,12,9
19,FG_890037_M_19.jpg,24,18,16,14,22,33,22,16,25,25
9,FG_890077_F_09.jpg,8,5,1.450000e+01,6,12,11,15,9,11,12
33,FG_890018_F_33.jpg,50,47,45,35,30,45,48,35,69,39
18,FG_890034_F_18.jpg,15,13,15,17,12,2,18,13,17,15
26,FG_890007_M_26.jpg,28,30,3,1,36,23,42,35,29,34
9,FG_890041_M_09.jpg,7,8,9,8,11,6,8,5,11,6
8,FG_890046_M_08.jpg,6,5,7,14,6,7,8,9,13,8
4,FG_890074_M_04.jpg,9,5,5,5,3,6,4,10,13,4
1,FG_890010_F_01.jpg,1,1,1,1,1,1,1,5,2,1
18,FG_890046_M_18.jpg,25,17,19,18,23,32,12,14,15,23
3,FG_890036_M_03.jpg,8,6,5,4,3,5,8,3,4,5
0,FG_890063_M_00.jpg,2,1,1,1,1,1,4,1,3,3
2,FG_890066_M_02_b.jpg,1,1,12,3,3,6,3,3,2,3
27,FG_890082_M_27.jpg,34,30,28,25,30,32,21,32,32,35
5,FG_890010_F_05.jpg,11,6,4,3,3,5,4,12,14,3
14,FG_890078_M_14.jpg,18,1.450000e+01,26,18,17,14,15,20,16,19
0,FG_890019_M_00.jpg,1,2,2,12,0,1,9,3,5,2
11,FG_890009_F_11.jpg,18,14,21,12,25,14,20,17,25,15
1,FG_890044_M_01.jpg,1,5,9,1,1,2,9,2,2,3
11,FG_890039_F_11.jpg,40,19,26,18,16,36,25,5,12,15
40,FG_890006_M_40.jpg,44,40,45,50,45,45,49,41,36,45
14,FG_890046_M_14.jpg,13,11,14,19,15,15,13,20,12,12
46,FG_890048_M_46.jpg,63,45,55,50,60,58,46,55,42,59
12,FG_890002_F_12.jpg,18,28,24,18,15,12,32,22,22,14
21,FG_890002_F_21.jpg,22,16,25,14,16,20,16,18,18,16
26,FG_890017_M_26.jpg,29,35,35,42,24,45,32,25,36,35
30,FG_890048_M_30.jpg,45,35,34,46,44,37,25,39,42,33
14,FG_890059_F_14.jpg,14,13,10,14,8,18,13,18,13,17
29,FG_890017_M_29.jpg,24,33,35,30,3,40,40,37,44,42
19,FG_890040_M_19.jpg,25,32,25,31,41,27,23,31,31,28
6,FG_890042_M_06.jpg,4,8,7,10,7,7,7,9,5,7
30,FG_890013_M_30.jpg,45,34,45,56,40,35,34,29,42,45
5,FG_890021_F_05.jpg,3,8,4,4,13,21,5,3,10,5
45,FG_890047_F_45.jpg,48,46,38,70,41,45,50,36,35,34
3,FG_890066_M_03.jpg,5,6,10,5,4,4,5,7,4,5
21,FG_890013_M_21.jpg,21,24,35,21,42,30,20,32,40,44
0,FG_890073_F_00.jpg,1,2,2,1,2,4,1,0,0,1
28,FG_890004_M_28.jpg,40,21,37,25,35,29,36,29,23,42
20,FG_890027_F_20.jpg,22,18,18,24,65,29,20,12,17,15
3,FG_890038_M_03.jpg,3,4,6,3,4,9,3,2,9,4
9,FG_890076_F_09.jpg,13,10,9,12,17,16,11,18,12,15
30,FG_890067_F_30.jpg,47,45,28,35,36,29,38,22,26,38
2,FG_890063_M_02.jpg,2,10,2,4,1,8,1,5,3,2
2,FG_890001_M_02.jpg,5,1,2,2,12,2,2,5,3,1
0,FG_890050_M_00.jpg,0,1,1,2,1,1,1,1,0,1
1,FG_890076_F_01.jpg,11,0,0,0,1,1,1,13,1,1
6,FG_890047_F_06.jpg,9,14,25,9,6,10,13,25,9,17
4,FG_890068_M_04.jpg,5,4,5,8,4,5,0,4,5,5
32,FG_890061_F_32.jpg,18,28,26,19,30,22,33,20,18,18
25,FG_890023_M_25.jpg,34,45,22,29,24,36,22,22,27,40
3,FG_890082_M_03.jpg,4,4,2,4,4,10,7,2,2,5
1,FG_890075_M_01.jpg,3,2,1,3,4,8,12,2,10,2
15,FG_890048_M_15.jpg,1,14,16,22,25,24,19,16,28,15
28,FG_890001_M_28.jpg,43,35,24,29,28,20,30,28,35,31
8,FG_890063_M_08.jpg,8,5,13,11,6,14,2,11,7,1
5,FG_890079_M_05.jpg,8,3,9,7,8,5,7,8,9,3
43,FG_890001_M_43_a.jpg,54,55,39,47,55,53,42,50,65,57
15,FG_890074_M_15.jpg,22,25,13,15,21,25,16,18,17,20
25,FG_890061_F_25.jpg,42,33,27,35,46,25,28,47,19,35
15,FG_890061_F_15.jpg,22,21,19,20,21,30,29,32,17,21
